{
  "Tasks" : {
    "transaction" : "Tasks",
    "sampleCount" : 1,
    "errorCount" : 0,
    "errorPct" : 0.0,
    "meanResTime" : 918.0,
    "medianResTime" : 918.0,
    "minResTime" : 918.0,
    "maxResTime" : 918.0,
    "pct1ResTime" : 918.0,
    "pct2ResTime" : 918.0,
    "pct3ResTime" : 918.0,
    "throughput" : 1.0893246187363836,
    "receivedKBytesPerSec" : 755.5689593545751,
    "sentKBytesPerSec" : 0.14042075163398693
  },
  "loginpage" : {
    "transaction" : "loginpage",
    "sampleCount" : 1,
    "errorCount" : 0,
    "errorPct" : 0.0,
    "meanResTime" : 2933.0,
    "medianResTime" : 2933.0,
    "minResTime" : 2933.0,
    "maxResTime" : 2933.0,
    "pct1ResTime" : 2933.0,
    "pct2ResTime" : 2933.0,
    "pct3ResTime" : 2933.0,
    "throughput" : 0.34094783498124787,
    "receivedKBytesPerSec" : 236.47362715223323,
    "sentKBytesPerSec" : 0.043950306853051485
  },
  "Trash" : {
    "transaction" : "Trash",
    "sampleCount" : 1,
    "errorCount" : 0,
    "errorPct" : 0.0,
    "meanResTime" : 652.0,
    "medianResTime" : 652.0,
    "minResTime" : 652.0,
    "maxResTime" : 652.0,
    "pct1ResTime" : 652.0,
    "pct2ResTime" : 652.0,
    "pct3ResTime" : 652.0,
    "throughput" : 1.5337423312883436,
    "receivedKBytesPerSec" : 1063.8105708397238,
    "sentKBytesPerSec" : 0.19770897239263802
  },
  "Spam" : {
    "transaction" : "Spam",
    "sampleCount" : 1,
    "errorCount" : 0,
    "errorPct" : 0.0,
    "meanResTime" : 621.0,
    "medianResTime" : 621.0,
    "minResTime" : 621.0,
    "maxResTime" : 621.0,
    "pct1ResTime" : 621.0,
    "pct2ResTime" : 621.0,
    "pct3ResTime" : 621.0,
    "throughput" : 1.6103059581320451,
    "receivedKBytesPerSec" : 1116.9154463566829,
    "sentKBytesPerSec" : 0.20757850241545894
  },
  "Draft" : {
    "transaction" : "Draft",
    "sampleCount" : 1,
    "errorCount" : 0,
    "errorPct" : 0.0,
    "meanResTime" : 1042.0,
    "medianResTime" : 1042.0,
    "minResTime" : 1042.0,
    "maxResTime" : 1042.0,
    "pct1ResTime" : 1042.0,
    "pct2ResTime" : 1042.0,
    "pct3ResTime" : 1042.0,
    "throughput" : 0.9596928982725528,
    "receivedKBytesPerSec" : 665.6548029630518,
    "sentKBytesPerSec" : 0.12371041266794626
  },
  "Contacts" : {
    "transaction" : "Contacts",
    "sampleCount" : 1,
    "errorCount" : 0,
    "errorPct" : 0.0,
    "meanResTime" : 767.0,
    "medianResTime" : 767.0,
    "minResTime" : 767.0,
    "maxResTime" : 767.0,
    "pct1ResTime" : 767.0,
    "pct2ResTime" : 767.0,
    "pct3ResTime" : 767.0,
    "throughput" : 1.303780964797914,
    "receivedKBytesPerSec" : 904.2790498696219,
    "sentKBytesPerSec" : 0.1680655149934811
  },
  "Total" : {
    "transaction" : "Total",
    "sampleCount" : 13,
    "errorCount" : 0,
    "errorPct" : 0.0,
    "meanResTime" : 1049.076923076923,
    "medianResTime" : 884.0,
    "minResTime" : 621.0,
    "maxResTime" : 2933.0,
    "pct1ResTime" : 2278.1999999999994,
    "pct2ResTime" : 2933.0,
    "pct3ResTime" : 2933.0,
    "throughput" : 0.9506398537477149,
    "receivedKBytesPerSec" : 659.3661448811699,
    "sentKBytesPerSec" : 0.12254341864716635
  },
  "Release mail" : {
    "transaction" : "Release mail",
    "sampleCount" : 1,
    "errorCount" : 0,
    "errorPct" : 0.0,
    "meanResTime" : 1035.0,
    "medianResTime" : 1035.0,
    "minResTime" : 1035.0,
    "maxResTime" : 1035.0,
    "pct1ResTime" : 1035.0,
    "pct2ResTime" : 1035.0,
    "pct3ResTime" : 1035.0,
    "throughput" : 0.966183574879227,
    "receivedKBytesPerSec" : 670.1492678140097,
    "sentKBytesPerSec" : 0.12454710144927537
  },
  "Files" : {
    "transaction" : "Files",
    "sampleCount" : 1,
    "errorCount" : 0,
    "errorPct" : 0.0,
    "meanResTime" : 884.0,
    "medianResTime" : 884.0,
    "minResTime" : 884.0,
    "maxResTime" : 884.0,
    "pct1ResTime" : 884.0,
    "pct2ResTime" : 884.0,
    "pct3ResTime" : 884.0,
    "throughput" : 1.1312217194570138,
    "receivedKBytesPerSec" : 784.6204662754525,
    "sentKBytesPerSec" : 0.14582154977375567
  },
  "Starred" : {
    "transaction" : "Starred",
    "sampleCount" : 1,
    "errorCount" : 0,
    "errorPct" : 0.0,
    "meanResTime" : 1000.0,
    "medianResTime" : 1000.0,
    "minResTime" : 1000.0,
    "maxResTime" : 1000.0,
    "pct1ResTime" : 1000.0,
    "pct2ResTime" : 1000.0,
    "pct3ResTime" : 1000.0,
    "throughput" : 1.0,
    "receivedKBytesPerSec" : 693.6123046875,
    "sentKBytesPerSec" : 0.12890625
  },
  "inbox" : {
    "transaction" : "inbox",
    "sampleCount" : 1,
    "errorCount" : 0,
    "errorPct" : 0.0,
    "meanResTime" : 780.0,
    "medianResTime" : 780.0,
    "minResTime" : 780.0,
    "maxResTime" : 780.0,
    "pct1ResTime" : 780.0,
    "pct2ResTime" : 780.0,
    "pct3ResTime" : 780.0,
    "throughput" : 1.2820512820512822,
    "receivedKBytesPerSec" : 889.2365284455128,
    "sentKBytesPerSec" : 0.16526442307692307
  },
  "CALENDER" : {
    "transaction" : "CALENDER",
    "sampleCount" : 1,
    "errorCount" : 0,
    "errorPct" : 0.0,
    "meanResTime" : 878.0,
    "medianResTime" : 878.0,
    "minResTime" : 878.0,
    "maxResTime" : 878.0,
    "pct1ResTime" : 878.0,
    "pct2ResTime" : 878.0,
    "pct3ResTime" : 878.0,
    "throughput" : 1.1389521640091116,
    "receivedKBytesPerSec" : 789.9823373433941,
    "sentKBytesPerSec" : 0.14681805239179954
  },
  "Notes" : {
    "transaction" : "Notes",
    "sampleCount" : 1,
    "errorCount" : 0,
    "errorPct" : 0.0,
    "meanResTime" : 832.0,
    "medianResTime" : 832.0,
    "minResTime" : 832.0,
    "maxResTime" : 832.0,
    "pct1ResTime" : 832.0,
    "pct2ResTime" : 832.0,
    "pct3ResTime" : 832.0,
    "throughput" : 1.201923076923077,
    "receivedKBytesPerSec" : 833.6592454176683,
    "sentKBytesPerSec" : 0.1549353966346154
  },
  "Sent" : {
    "transaction" : "Sent",
    "sampleCount" : 1,
    "errorCount" : 0,
    "errorPct" : 0.0,
    "meanResTime" : 1296.0,
    "medianResTime" : 1296.0,
    "minResTime" : 1296.0,
    "maxResTime" : 1296.0,
    "pct1ResTime" : 1296.0,
    "pct2ResTime" : 1296.0,
    "pct3ResTime" : 1296.0,
    "throughput" : 0.7716049382716049,
    "receivedKBytesPerSec" : 535.1886513792438,
    "sentKBytesPerSec" : 0.09946469907407407
  }
}